chr,start,end,patients,num_strelka_patients,gene,feature_of_interest,num_normal_patients,num_mutationseq_patient,Reference_Allele,Tumor_Seq_Allele2,cum_pos,feature_colors,Clade,A7_count,A9_count
3,183675458,183675459,S_99020;S_99120;S_99195,3,ABCC5,active_enhancer,0,5,C,T,676125452,green,A7;A9;A7,2,1
18,19268412,19268413,S_99120;S_99170;S_99197;S_99326;S_99354;S_99393;S_99435;S_99437,8,ABHD3,active_enhancer,0,8,T,A,2600635486,green,A9;A7;A9;A7;A7;A9;A9;A9,3,5
9,133660760,133660761,S_99128;S_99266;S_99267;S_99354;S_99261,5,ABL1,other,0,5,C,T,1672820472,gray,A9;A7;A7;A7;A9,3,2
2,9445564,9445565,S_99003;S_99145;S_99392;S_99261,4,ASAP2,other,0,4,G,A,258696185,gray,A9;A9;A9;A9,0,4
20,30965019,30965020,S_99054;S_99128;S_99175;S_99180;S_99203;S_99238,6,ASXL1,other,0,7,C,G,2749538324,gray,A9;A9;A9;A7;A7;A7,3,3
5,70821765,70821766,S_99267;S_99326;S_99396;S_99437,4,BDP1,other,0,3,A,G,952448465,gray,A7;A7;A7;A9,3,1
5,70821796,70821797,S_99256;S_99267;S_99326;S_99396;S_99437,5,BDP1,other,0,5,T,A,952448496,gray,A7;A7;A7;A7;A9,4,1
5,70821800,70821801,S_99259;S_99267;S_99396;S_99437,4,BDP1,other,0,4,A,G,952448500,gray,A7;A7;A7;A9,3,1
16,33505819,33505820,S_99070;S_99076;S_99341;S_99354;S_99261,5,BMS1P8,other,0,5,A,T,2443322930,gray,A9;A7;A7;A7;A9,3,2
18,5171617,5171618,S_99147;S_99260;S_99328;S_99262,4,C18orf42,other,0,6,G,T,2586538691,gray,A9;A7;A7;A9,2,2
7,122068527,122068528,S_99006;S_99145;S_99156;S_99215;S_99414,5,CADPS2,other,0,7,T,A,1355725554,gray,A7;A9;A9;A9;A7,2,3
20,59965602,59965603,S_99070;S_99120;S_99320;S_99344,4,CDH4,other,0,5,G,A,2778538907,gray,A9;A9;A7;A9,1,3
6,4895476,4895477,S_99076;S_99155;S_99205,3,CDYL,other,0,8,G,T,1067437436,gray,A7;A9;A9,1,2
19,43781607,43781608,S_99075;S_99092;S_99170,3,CEACAMP11,other,0,3,A,G,2703225929,gray,A7;A7;A7,3,0
5,649010,649011,S_99070;S_99120;S_99175,3,CEP72,other,0,5,C,T,882275710,gray,A9;A9;A9,0,3
3,190098033,190098034,S_99002;S_99037;S_99110;S_99216,4,CLDN16,other,0,8,T,C,682548027,gray,A9;A9;A7;A7,2,2
12,41126230,41126231,S_99008;S_99046;S_99054;S_99068;S_99074;S_99099;S_99108;S_99151,8,CNTN1,other,0,5,C,T,1992040636,gray,Other;A9;A9;A7;A7;A7;A9;A9,3,4
2,125267834,125267835,S_99008;S_99147;S_99180,3,CNTNAP5,other,0,8,C,A,374518455,gray,Other;A9;A7,1,1
20,61966317,61966318,S_99268;S_99320;S_99377,3,COL20A1,other,0,3,A,G,2780539622,gray,A7;A7;A7,3,0
5,177729887,177729888,S_99152;S_99175;S_99203;S_99205,4,COL23A1,other,0,6,A,G,1059356587,gray,Other;A9;A7;A9,1,2
5,177729892,177729893,S_99175;S_99203;S_99205,3,COL23A1,other,0,7,A,C,1059356592,gray,A9;A7;A9,1,2
5,177945521,177945522,S_99197;S_99354;S_99393,3,COL23A1,other,0,4,A,T,1059572221,gray,A9;A7;A9,1,2
7,101133097,101133098,S_99036;S_99047;S_99442,3,COL26A1,other,0,4,T,G,1334790124,gray,A9;A7;A7,2,1
2,228067717,228067718,S_99068;S_99424;S_99442,3,COL4A3,other,0,3,A,G,477318338,gray,A7;A9;A7,2,1
2,228067773,228067774,S_99148;S_99434;S_99442,3,COL4A3,other,0,4,A,G,477318394,gray,A9;A7;A7,2,1
19,17115976,17115977,S_99330;S_99427;S_99261,3,CPAMD8,other,0,6,A,G,2676560298,gray,A7;A7;A9,2,1
3,131288508,131288509,S_99185;S_99196;S_99328,3,CPNE4,other,0,5,A,C,623738502,gray,A7;A9;A7,2,1
19,50205442,50205443,S_99037;S_99196;S_99203,3,CPT1C,other,0,3,T,A,2709649764,gray,A9;A9;A7,1,2
21,9937333,9937334,S_99139;S_99147;S_99346,3,CR392039.1,other,0,3,C,A,2791536158,gray,A7;A9;A7,2,1
5,163807306,163807307,S_99174;S_99194;S_99196,3,CTC-340A15.2,other,0,3,G,A,1045434006,gray,A9;A9;A9,0,3
5,28797174,28797175,S_99040;S_99063;S_99097;S_99099;S_99144,5,CTD-2134P3.1,other,0,8,C,A,910423874,gray,A9;A9;A9;A7;A9,1,4
5,110484,110485,S_99040;S_99070;S_99151,3,CTD-2231H16.1,other,0,4,A,G,881737184,gray,A9;A9;A9,0,3
5,123834433,123834434,S_99001;S_99103;S_99215,3,CTD-2308B18.3,other,0,6,A,G,1005461133,gray,A9;A7;A9,1,2
16,33920699,33920700,S_99225;S_99242;S_99341;S_99427,4,CTD-2522B17.8,other,0,3,C,T,2443737810,gray,Other;A7;A7;A7,3,0
16,33926741,33926742,S_99097;S_99156;S_99209;S_99217,4,CTD-2522B17.8,other,0,4,C,A,2443743852,gray,A9;A9;A9;A9,0,4
19,56581432,56581433,S_99071;S_99089;S_99097;S_99204;S_99209;S_99435,6,CTD-2621I17.6,other,0,12,A,T,2716025754,gray,A9;Other;A9;A7;A9;A9,1,4
5,117618594,117618595,S_99204;S_99210;S_99434,3,CTD-3179P9.2,other,0,8,G,A,999245294,gray,A7;A9;A7,2,1
15,65967761,65967762,S_99176;S_99217;S_99225;S_99340;S_99435,5,DENND4A,other,0,4,G,A,2373253480,gray,A9;A9;Other;Other;A9,0,3
15,65967762,65967763,S_99176;S_99217;S_99225;S_99330;S_99340;S_99346,6,DENND4A,other,0,6,A,T,2373253481,gray,A9;A9;Other;A7;Other;A7,2,2
23,2259759,2259760,S_99006;S_99037;S_99225,3,DHRSX,active_enhancer,0,7,G,T,2883293045,green,A7;A9;Other,1,1
10,417685,417686,S_99267;S_99414;S_99344;S_99434,4,DIP2C,other,0,6,C,G,1680790828,gray,A7;A7;A9;A7,3,1
15,35948453,35948454,S_99268;S_99330;S_99417,3,DPH6-AS1,potential_promoter,0,3,C,T,2343234172,red,A7;A7;A9,2,1
7,35138903,35138904,S_99414;S_99437;S_99261,3,DPY19L2P1,other,0,4,A,C,1268795930,gray,A7;A9;A9,1,2
1,97638883,97638884,S_99013;S_99046;S_99063;S_99099,4,DPYD,other,0,6,C,T,97638883,gray,A9;A9;A9;A7,1,3
4,101566900,101566901,S_99075;S_99109;S_99174,3,EMCN,other,0,4,A,G,792039324,gray,A7;A9;A9,1,2
4,101566939,101566940,S_99013;S_99063;S_99109,3,EMCN,other,0,6,T,A,792039363,gray,A9;A9;A9,0,3
4,101566987,101566988,S_99097;S_99148;S_99179,3,EMCN,other,0,5,T,C,792039411,gray,A9;A9;A7,1,2
4,89753488,89753489,S_99001;S_99042;S_99148;S_99264;S_99392,5,FAM13A,other,0,6,C,T,780225912,gray,A9;A9;A9;A9;A9,0,5
4,89753498,89753499,S_99037;S_99042;S_99392,3,FAM13A,other,0,4,A,T,780225922,gray,A9;A9;A9,0,3
19,50974923,50974924,S_99147;S_99155;S_99333,3,FAM71E1,other,0,11,G,A,2710419245,gray,A9;A9;A9,0,3
19,40351870,40351871,S_99099;S_99176;S_99210,3,FCGBP,other,0,5,A,T,2699796192,gray,A7;A9;A9,1,2
5,108116483,108116484,S_99047;S_99204;S_99328;S_99346;S_99437,5,FER,other,0,3,T,G,989743183,gray,A7;A7;A7;A7;A9,4,1
5,180062627,180062628,S_99006;S_99176;S_99417,3,FLT4,other,0,3,G,A,1061689327,gray,A7;A9;A9,1,2
1,42789843,42789844,S_99042;S_99216;S_99222,3,FOXJ3,other,0,7,A,G,42789843,gray,A9;A7;Other,1,1
20,29623100,29623101,S_99240;S_99268;S_99340;S_99434;S_99435;S_99261,6,FRG1B,other,0,3,A,G,2748196405,gray,A9;A7;Other;A7;A9;A9,2,3
3,30782526,30782527,S_99008;S_99176;S_99235,3,GADL1,other,0,3,A,T,523232520,gray,Other;A9;A7,1,1
4,131425235,131425236,S_99179;S_99215;S_99235;S_99240,4,GAPDHP56,other,0,4,C,T,821897659,gray,A7;A9;A7;A9,2,2
9,4330713,4330714,S_99058;S_99076;S_99120,3,GLIS3,other,0,7,A,G,1543490425,gray,A7;A7;A9,2,1
9,4330719,4330720,S_99071;S_99216;S_99428,3,GLIS3,other,0,4,T,G,1543490431,gray,A9;A7;A9,1,2
13,93048162,93048163,S_99054;S_99149;S_99417;S_99346;S_99435;S_99447,6,GPC5,other,0,8,T,G,2177814463,gray,A9;Other;A9;A7;A9;A7,2,3
6,142706206,142706207,S_99058;S_99210;S_99214;S_99260,4,GPR126,active_enhancer,0,4,G,A,1205248166,green,A7;A9;A9;A7,2,2
6,142706209,142706210,S_99058;S_99063;S_99075;S_99148;S_99203;S_99326;S_99333;S_99346,8,GPR126,active_enhancer,0,8,C,T;G,1205248169,green,A7;A9;A7;A9;A7;A7;A9;A7,5,3
6,102208627,102208628,S_99001;S_99110;S_99113,3,GRIK2,other,0,4,A,T,1164750587,gray,A9;A7;A7,2,1
13,114022279,114022280,S_99125;S_99139;S_99264;S_99447,4,GRTP1,other,0,9,T,C,2198788580,gray,A9;A7;A9;A7,2,2
13,114022280,114022281,S_99125;S_99139;S_99149;S_99447,4,GRTP1,other,0,9,A,T,2198788581,gray,A9;A7;Other;A7,2,1
1,182255516,182255517,S_99036;S_99037;S_99040;S_99046;S_99054;S_99057;S_99063;S_99068;S_99071;S_99075;S_99089;S_99092;S_99099;S_99108;S_99109;S_99110;S_99139,17,GS1-122H1.2,other,0,22,A,C;T,182255516,gray,A9;A9;A9;A9;A9;A9;A9;A7;A9;A7;Other;A7;A7;A9;A9;A7;A7,6,10
1,110250350,110250351,S_99003;S_99068;S_99205,3,GSTM5,other,0,5,A,G,110250350,gray,A9;A7;A9,1,2
12,110610727,110610728,S_99266;S_99326;S_99340,3,IFT81,other,0,3,C,T,2061525133,gray,A7;A7;Other,2,0
14,107184294,107184295,S_99185;S_99260;S_99335,3,IGHV2-70,other,0,3,C,T,2307120473,gray,A7;A7;A7,3,0
2,89563890,89563891,S_99097;S_99099;S_99214,3,IGKV1-33,other,0,5,T,A,338814511,gray,A9;A7;A9,1,2
2,89563955,89563956,S_99037;S_99097;S_99145;S_99214,4,IGKV1-33,other,0,6,T,A,338814576,gray,A9;A9;A9;A9,0,4
2,89563979,89563980,S_99006;S_99037;S_99097;S_99145;S_99214,5,IGKV1-33,other,0,7,T,A,338814600,gray,A7;A9;A9;A9;A9,1,4
10,125690,125691,S_99152;S_99204;S_99242,3,IL9RP2,other,0,4,G,C,1680498833,gray,Other;A7;A7,2,0
10,134424893,134424894,S_99075;S_99264;S_99261,3,INPP5A,other,0,4,A,G,1814798036,gray,A7;A9;A9,1,2
10,121482006,121482007,S_99182;S_99322;S_99441,3,INPP5F,potential_promoter,0,4,G,T,1801855149,red,A7;A9;A7,2,1
17,48163670,48163671,S_99057;S_99149;S_99155,3,ITGA3,other,0,4,A,T,2548335534,gray,A9;Other;A9,0,2
21,35818439,35818440,S_99070;S_99194;S_99239;S_99434,4,KCNE1,potential_promoter,0,7,T,C,2817417264,red,A9;A9;A9;A7,1,3
1,215185239,215185240,S_99424;S_99393;S_99437,3,KCNK2,other,0,5,G,A,215185239,gray,A9;A9;A9,0,3
3,178476372,178476373,S_99120;S_99214;S_99268,3,KCNMB2,other,0,5,A,C,670926366,gray,A9;A9;A7,1,2
16,27724955,27724956,S_99156;S_99175;S_99216,3,KIAA0556,other,0,4,T,A,2437542066,gray,A9;A9;A7,1,2
17,39790050,39790051,S_99145;S_99194;S_99328;S_99441,4,KRT42P,active_enhancer,0,5,T,C,2539961914,green,A9;A9;A7;A7,2,2
1,31201574,31201575,S_99267;S_99330;S_99344;S_99411;S_99261,5,LAPTM5,other,0,9,T,C,31201574,gray,A7;A7;A9;A9;A9,2,3
11,74208390,74208391,S_99057;S_99155;S_99196;S_99326,4,LIPT2,potential_promoter,0,3,G,A,1890116280,red,A9;A9;A9;A7,1,3
3,8088170,8088171,S_99099;S_99196;S_99424,3,LMCD1-AS1,other,0,6,A,C,500538164,gray,A7;A9;A9,1,2
16,1005052,1005053,S_99042;S_99120;S_99441,3,LMF1,other,0,3,T,C,2410822163,gray,A9;A9;A7,1,2
2,11873061,11873062,S_99202;S_99235;S_99326;S_99414,4,LPIN1,potential_promoter,0,4,T,G,261123682,red,A9;A7;A7;A7,3,1
11,24623586,24623587,S_99054;S_99120;S_99149,3,LUZP2,other,0,3,C,A,1840531476,gray,A9;A9;Other,0,2
20,14935555,14935556,S_99040;S_99155;S_99179;S_99196,4,MACROD2,other,0,5,T,A,2733508860,gray,A9;A9;A7;A9,1,3
20,14935559,14935560,S_99040;S_99155;S_99179;S_99196,4,MACROD2,other,0,4,A,G,2733508864,gray,A9;A9;A7;A9,1,3
3,185173141,185173142,S_99326;S_99340;S_99341,3,MAP3K13,other,0,3,A,T,677623135,gray,A7;Other;A7,2,0
3,48103146,48103147,S_99256;S_99377;S_99437,3,MAP4,other,0,3,G,A,540553140,gray,A7;A7;A9,2,1
3,182735521,182735522,S_99070;S_99103;S_99110,3,MCCC1,potential_promoter,0,4,T,A,675185515,red,A9;A7;A7,2,1
6,29873569,29873570,S_99047;S_99089;S_99097;S_99242;S_99441,5,MCCD1P1,other,0,13,T,A,1092415529,gray,A7;Other;A9;A7;A7,3,1
12,86532089,86532090,S_99020;S_99144;S_99155;S_99238,4,MGAT4C,active_enhancer,0,4,T,C,2037446495,green,A7;A9;A9;A7,2,2
18,48333876,48333877,S_99144;S_99152;S_99182;S_99202,4,MRO,other,0,6,C,G,2629700950,gray,A9;Other;A7;A9,1,2
18,48333878,48333879,S_99144;S_99152;S_99182;S_99202,4,MRO,other,0,7,C,T,2629700952,gray,A9;Other;A7;A9,1,2
2,47964883,47964884,S_99125;S_99144;S_99205;S_99235;S_99268;S_99322,6,MSH6,other,0,4,A,G,297215504,gray,A9;A9;A9;A7;A7;A9,2,4
2,47964914,47964915,S_99144;S_99205;S_99235;S_99268,4,MSH6,other,0,3,T,C,297215535,gray,A9;A9;A7;A7,2,2
3,195443977,195443978,S_99170;S_99197;S_99235;S_99333,4,MUC20,active_enhancer,0,9,T,A,687893971,green,A7;A9;A7;A9,2,2
19,17525995,17525996,S_99182;S_99197;S_99335,3,MVB12A,other,0,4,C,T,2676970317,gray,A7;A9;A7,2,1
19,17525996,17525997,S_99182;S_99197;S_99335,3,MVB12A,other,0,5,C,T,2676970318,gray,A7;A9;A7,2,1
23,3243883,3243884,S_99145;S_99209;S_99213,3,MXRA5,other,0,3,T,A,2884277169,gray,A9;A9;A9,0,3
19,8598611,8598612,S_99120;S_99125;S_99239;S_99326;S_99340;S_99441;S_99447,7,MYO1F,other,0,4,C,A,2668042933,gray,A9;A9;A9;A7;Other;A7;A7,3,3
5,1807216,1807217,S_99001;S_99092;S_99152;S_99219,4,NDUFS6,active_enhancer,0,11,A,G,883433916,green,A9;A7;Other;A7,2,1
5,1807223,1807224,S_99070;S_99098;S_99216,3,NDUFS6,active_enhancer,0,9,T,C,883433923,green,A9;A7;A7,2,1
1,72393940,72393941,S_99176;S_99185;S_99196,3,NEGR1,other,0,4,T,C,72393940,gray,A9;A7;A9,1,2
1,72393947,72393948,S_99176;S_99185;S_99196,3,NEGR1,other,0,3,G,A,72393947,gray,A9;A7;A9,1,2
3,173804132,173804133,S_99001;S_99036;S_99151;S_99152;S_99175;S_99185;S_99209;S_99239,8,NLGN1,other,0,11,T,C;A,666254126,gray,A9;A9;A9;Other;A9;A7;A9;A9,1,6
1,52270293,52270294,S_99259;S_99411;S_99442,3,NRD1,other,0,6,C,T,52270293,gray,A7;A9;A7,2,1
23,101814846,101814847,S_99046;S_99057;S_99063,3,NXF4,other,0,8,A,T,2982848132,gray,A9;A9;A9,0,3
23,101814850,101814851,S_99020;S_99156;S_99196,3,NXF4,other,0,5,A,T,2982848136,gray,A7;A9;A9,1,2
9,131226003,131226004,S_99040;S_99238;S_99266,3,ODF2,other,0,5,G,C,1670385715,gray,A9;A7;A7,2,1
10,13157441,13157442,S_99068;S_99109;S_99213,3,OPTN,other,0,6,T,C,1693530584,gray,A7;A9;A9,1,2
10,13157476,13157477,S_99109;S_99209;S_99213,3,OPTN,other,0,7,T,C,1693530619,gray,A9;A9;A9,0,3
11,56466276,56466277,S_99098;S_99156;S_99195,3,OR9G1,other,0,8,C,A,1872374166,gray,A7;A9;A7,2,1
6,162076131,162076132,S_99222;S_99266;S_99333;S_99262,4,PARK2,other,0,4,G,C,1224618091,gray,Other;A7;A9;A9,1,2
6,162536589,162536590,S_99020;S_99149;S_99230;S_99344;S_99435;S_99411,6,PARK2,other,0,7,A,G,1225078549,gray,A7;Other;Other;A9;A9;A9,1,3
1,153323162,153323163,S_99001;S_99155;S_99442,3,PGLYRP4,active_enhancer,0,5,A,G,153323162,green,A9;A9;A7,1,2
4,25251123,25251124,S_99071;S_99128;S_99210,3,PI4K2B,potential_promoter,0,3,C,T,715723547,red,A9;A9;A9,0,3
1,77654071,77654072,S_99002;S_99202;S_99225,3,PIGK,other,0,7,T,C,77654071,gray,A9;A9;Other,0,2
8,79436365,79436366,S_99089;S_99149;S_99209,3,PKIA,other,0,4,T,A,1472232055,gray,Other;Other;A9,0,1
10,20255372,20255373,S_99108;S_99185;S_99210;S_99213;S_99441,5,PLXDC2,other,0,9,T,A,1700628515,gray,A9;A7;A9;A9;A7,2,3
7,142461589,142461590,S_99210;S_99219;S_99424;S_99261,4,PRSS1,active_enhancer,0,7,G,A,1376118616,green,A9;A7;A9;A9,1,3
9,33794632,33794633,S_99098;S_99108;S_99170;S_99202,4,PRSS3,active_enhancer,0,3,G,A,1572954344,green,A7;A9;A7;A9,2,2
9,33795549,33795550,S_99326;S_99333;S_99340,3,PRSS3,active_enhancer,0,5,C,G,1572955261,green,A7;A9;Other,1,1
9,33798870,33798871,S_99264;S_99424;S_99396,3,PRSS3,other,0,10,C,A,1572958582,gray,A9;A9;A7,1,2
7,142484246,142484247,S_99046;S_99149;S_99341,3,PRSS3P2,other,0,3,A,G,1376141273,gray,A9;Other;A7,1,1
9,33612331,33612332,S_99176;S_99215;S_99261,3,PRSS3P4,other,0,6,C,T,1572772043,gray,A9;A9;A9,0,3
9,8929693,8929694,S_99125;S_99128;S_99174,3,PTPRD,other,0,3,A,G,1548089405,gray,A9;A9;A9,0,3
20,41622210,41622211,S_99070;S_99125;S_99225,3,PTPRT,other,0,3,A,G,2760195515,gray,A9;A9;Other,0,2
15,66100710,66100711,S_99001;S_99092;S_99128,3,RAB11A,active_enhancer,0,8,A,T,2373386429,green,A9;A7;A9,1,2
20,43392815,43392816,S_99013;S_99097;S_99150;S_99197,4,RIMS4,other,0,3,C,T,2761966120,gray,A9;A9;A7;A9,1,3
3,149607365,149607366,S_99326;S_99328;S_99335;S_99414,4,RNF13,other,0,3,A,C,642057359,gray,A7;A7;A7;A7,4,0
11,117122155,117122156,S_99092;S_99149;S_99322,3,RNF214,other,0,3,C,A,1933030045,gray,A7;Other;A9,1,1
1,16840750,16840751,S_99214;S_99428;S_99441,3,RNU1-1,active_enhancer,0,3,G,A,16840750,green,A9;A9;A7,1,2
18,62212968,62212969,S_99089;S_99214;S_99219,3,RNU7-146P,other,0,3,T,C,2643580042,gray,Other;A9;A7,1,1
18,62212970,62212971,S_99089;S_99214;S_99219,3,RNU7-146P,other,0,4,T,A,2643580044,gray,Other;A9;A7,1,1
3,77372114,77372115,S_99215;S_99326;S_99411,3,ROBO2,other,0,3,A,C,569822108,gray,A9;A7;A9,1,2
6,108274778,108274779,S_99006;S_99205;S_99215;S_99328;S_99437,5,SEC63,other,0,5,G,A,1170816738,gray,A7;A9;A9;A7;A9,2,3
7,83715919,83715920,S_99047;S_99070;S_99209,3,SEMA3A,other,0,4,T,C,1317372946,gray,A7;A9;A9,1,2
7,83019260,83019261,S_99071;S_99125;S_99266;S_99441,4,SEMA3E,other,0,4,A,G,1316676287,gray,A9;A9;A7;A7,2,2
12,40290098,40290099,S_99125;S_99155;S_99210,3,SLC2A13,other,0,3,G,A,1991204504,gray,A9;A9;A9,0,3
1,8404850,8404851,S_99003;S_99008;S_99020;S_99099,4,SLC45A1,other,0,4,A,C,8404850,gray,A9;Other;A7;A7,2,1
4,139114870,139114871,S_99020;S_99182;S_99217;S_99328,4,SLC7A11,potential_promoter,0,4,T,C,829587294,red,A7;A7;A9;A7,3,1
1,246363585,246363586,S_99057;S_99068;S_99098;S_99238;S_99240;S_99332,6,SMYD3,other,0,8,A,T,246363585,gray,A9;A7;A7;A7;A9;A9,3,3
2,10431828,10431829,S_99108;S_99113;S_99145;S_99240;S_99434,5,SNORA51,other,0,12,C,T,259682449,gray,A9;A7;A9;A9;A7,2,3
2,45814046,45814047,S_99042;S_99063;S_99075,3,SRBD1,other,0,5,T,A,295064667,gray,A9;A9;A7,1,2
2,45814181,45814182,S_99037;S_99046;S_99098,3,SRBD1,other,0,5,T,A,295064802,gray,A9;A9;A7,1,2
3,136359707,136359708,S_99222;S_99424;S_99427;S_99377,4,STAG1,other,0,4,A,G,628809701,gray,Other;A9;A7;A7,2,1
3,4498429,4498430,S_99068;S_99149;S_99219,3,SUMF1,other,0,8,C,T,496948423,gray,A7;Other;A7,2,0
5,1295228,1295229,S_99012;S_99120;S_99219;S_99225;S_99268;S_99326;S_99328;S_99330;S_99346;S_99377,10,TERT,potential_promoter,0,16,G,A,882921928,red,A9;A9;A7;Other;A7;A7;A7;A7;A7;A7,7,2
5,1295250,1295251,S_99148;S_99176;S_99259,3,TERT,potential_promoter,0,6,G,A,882921950,red,A9;A9;A7,1,2
7,65824450,65824451,S_99042;S_99120;S_99417,3,TPST1,active_enhancer,0,5,A,G,1299481477,green,A9;A9;A9,0,3
7,142192039,142192040,S_99047;S_99103;S_99108;S_99195;S_99344;S_99442,6,TRBV12-2,active_enhancer,0,9,C,T,1375849066,green,A7;A7;A9;A7;A9;A7,4,2
7,142192061,142192062,S_99047;S_99103;S_99108;S_99128;S_99268;S_99341;S_99447,7,TRBV12-2,active_enhancer,0,10,A,T,1375849088,green,A7;A7;A9;A9;A7;A7;A7,5,2
7,142192062,142192063,S_99103;S_99108;S_99128;S_99268;S_99341;S_99344;S_99447,7,TRBV12-2,active_enhancer,0,11,G,T,1375849089,green,A7;A9;A9;A7;A7;A9;A7,4,3
7,142148679,142148680,S_99036;S_99075;S_99150;S_99156,4,TRBV5-5,active_enhancer,0,4,A,C,1375805706,green,A9;A7;A7;A9,2,2
9,73254617,73254618,S_99204;S_99267;S_99392;S_99261,4,TRPM3,active_enhancer,0,3,A,G,1612414329,green,A7;A7;A9;A9,2,2
20,51820620,51820621,S_99097;S_99148;S_99437,3,TSHZ2,active_enhancer,0,6,T,C,2770393925,green,A9;A9;A9,0,3
2,3223446,3223447,S_99264;S_99414;S_99437;S_99441,4,TSSC1,other,0,8,C,G,252474067,gray,A9;A7;A9;A7,2,2
11,3418542,3418543,S_99259;S_99354;S_99262,3,TSSC2,other,0,4,C,T,1819326432,gray,A7;A7;A9,2,1
11,88939533,88939534,S_99125;S_99175;S_99217;S_99417;S_99435;S_99261,6,TYR,other,0,10,G,T,1904847423,gray,A9;A9;A9;A9;A9;A9,0,6
11,88939538,88939539,S_99125;S_99175;S_99217;S_99417;S_99435;S_99261,6,TYR,other,0,9,C,T,1904847428,gray,A9;A9;A9;A9;A9;A9,0,6
5,138915576,138915577,S_99008;S_99070;S_99099;S_99103;S_99108;S_99110;S_99147;S_99180,8,UBE2D2,other,0,8,C,G,1020542276,gray,Other;A9;A7;A7;A9;A7;A9;A7,4,3
9,35182742,35182743,S_99194;S_99196;S_99326,3,UNC13B,potential_promoter,0,3,T,C,1574342454,red,A9;A9;A7,1,2
20,57002339,57002340,S_99144;S_99185;S_99219,3,VAPB,other,0,5,C,T,2775575644,gray,A9;A7;A7,2,1
20,57002350,57002351,S_99037;S_99120;S_99144;S_99185;S_99205;S_99354;S_99435,7,VAPB,other,0,10,T,C,2775575655,gray,A9;A9;A9;A7;A9;A7;A9,2,5
7,158708305,158708306,S_99179;S_99332;S_99392,3,WDR60,potential_promoter,0,3,G,A,1392365332,red,A7;A9;A9,1,2
8,134226274,134226275,S_99139;S_99428;S_99435,3,WISP1,active_enhancer,0,3,T,C,1527021964,green,A7;A9;A9,1,2
20,61824099,61824100,S_99256;S_99264;S_99261,3,YTHDF1,other,0,4,A,G,2780397404,gray,A7;A9;A9,1,2
8,40678003,40678004,S_99042;S_99196;S_99240;S_99435,4,ZMAT4,other,0,4,A,G,1433473693,gray,A9;A9;A9;A9,0,4
19,57830715,57830716,S_99013;S_99046;S_99054,3,ZNF543,other,0,3,T,C,2717275037,gray,A9;A9;A9,0,3
19,52359200,52359201,S_99195;S_99230;S_99330;S_99261,4,ZNF577,other,0,5,T,G,2711803522,gray,A7;Other;A7;A9,2,1
23,47928027,47928028,S_99057;S_99424;S_99441,3,ZNF630,other,0,3,T,A,2928961313,gray,A9;A9;A7,1,2
